0.261139276,0.25980343,,,,0.810421981,0.280181036,"0.810421981,0.280181036,0,"
0.256992374,0.256536895,,,,0.67446307,0.244397008,"0.67446307,0.244397008,0,"
0.252835275,0.25818036,,,,0.673397452,0.257492042,"0.673397452,0.257492042,0,"
0.248688372,0.254913824,,,,0.672328435,0.272223742,"0.672328435,0.272223742,0,"
0.242461221,0.253287355,,,,0.672287645,0.291863744,"0.672287645,0.291863744,0,"
0.239352743,0.25001912,,,,0.672257054,0.306593745,"0.672257054,0.306593745,0,"
0.235202442,0.248389251,,,,0.67533154,0.326228647,"0.67533154,0.326228647,0,"
0.232090566,0.246757683,,,,0.677377798,0.340955249,"0.677377798,0.340955249,0,"
0.227936865,0.246764481,,,,0.683574358,0.35731172,"0.683574358,0.35731172,0,"
0.221709713,0.245138012,,,,0.688739291,0.370396556,"0.688739291,0.370396556,0,"
0.219636262,0.243504744,,,,0.695967477,0.39002466,"0.695967477,0.39002466,0,"
0.214450935,0.240239908,,,,0.703216059,0.399832764,"0.703216059,0.399832764,0,"
0.208216985,0.241886773,,,,0.709433013,0.406369234,"0.709433013,0.406369234,0,"
0.20302146,0.243531937,,,,0.714611542,0.412907403,"0.714611542,0.412907403,0,"
0.199909584,0.241900369,,,,0.720835295,0.41617054,"0.720835295,0.41617054,0,"
0.194714059,0.243545533,,,,0.7291291,0.42270361,"0.7291291,0.42270361,0,"
0.190560359,0.243552332,,,,0.737412707,0.434146681,"0.737412707,0.434146681,0,"
0.186406658,0.24355913,,,,0.74571331,0.437406419,"0.74571331,0.437406419,0,"
0.182252958,0.243565928,,,,0.752968689,0.443941189,"0.752968689,0.443941189,0,"
0.177054034,0.246847759,,,,0.758154017,0.447206025,"0.758154017,0.447206025,0,"
0.172890136,0.251764558,,,,0.768534869,0.448825696,"0.768534869,0.448825696,0,"
0.169771461,0.253406323,,,,0.779960944,0.447170334,"0.779960944,0.447170334,0,"
0.165607564,0.258323122,,,,0.792428844,0.443876606,"0.792428844,0.443876606,0,"
0.161447065,0.261603254,,,,0.802823293,0.43894961,"0.802823293,0.43894961,0,"
0.157283167,0.266520052,,,,0.809070839,0.430756079,"0.809070839,0.430756079,0,"
0.154164493,0.268161818,,,,,,
0.152077445,0.273075217,,,,,,
0.147910148,0.279628682,,,,,,
0.142714623,0.281273847,,,,,,
0.140630975,0.284550579,,,,,,
0.136460279,0.292740712,,,,,,
0.134369832,0.299290778,,,,,,
0.132279386,0.305840844,,,,,,
0.129150514,0.31239261,,,,,,
0.126014844,0.322217709,,,,,,
0.122885972,0.328769475,,,,,,
0.121827152,0.338591175,,,,,,
0.12179996,0.351684509,,,,,,
0.117625864,0.361511308,,,,,,
0.116573843,0.368059675,,,,,,
0.118630299,0.377876276,,,,,,
0.117574878,0.38606131,,,,,,
0.118589509,0.397516277,,,,,,
0.11960754,0.407334579,,,,,,
0.121663996,0.41715118,,,,,,
0.124762275,0.425329415,,,,,,
0.124752078,0.430239416,,,,,,
0.126815332,0.436782684,,,,,,
0.127836762,0.444964318,,,,,,
0.130928243,0.456415887,,,,,,
0.132991497,0.462959155,,,,,,
0.134016326,0.469504122,,,,,,
0.136076181,0.477684057,,,,,,
0.136059185,0.485867391,,,,,,
0.137080615,0.494049025,,,,,"0.137080615,0.494049025,0,",
0.131874893,0.50060419,,,,,"0.131874893,0.50060419,0,",
0.127717793,0.502247655,,,,,"0.127717793,0.502247655,0,",
0.127704197,0.508794322,,,,,"0.127704197,0.508794322,0,",
0.125617149,0.513707722,,,,,"0.125617149,0.513707722,0,",
0.12146005,0.515351187,,,,,"0.12146005,0.515351187,0,",
0.117289354,0.523541319,,,,,"0.117289354,0.523541319,0,",
0.117279156,0.528451319,,,,,"0.117279156,0.528451319,0,",
0.116227135,0.534999686,,,,,"0.116227135,0.534999686,0,",
0.115175113,0.541548052,,,,,"0.115175113,0.541548052,0,",
0.119301621,0.554634588,,,,,"0.119301621,0.554634588,0,",
0.118242801,0.564456288,,,,,"0.118242801,0.564456288,0,",
0.11926763,0.571001256,,,,,"0.11926763,0.571001256,0,",
0.121324086,0.580817858,,,,,"0.121324086,0.580817858,0,",
0.123387339,0.587361126,,,,,"0.123387339,0.587361126,0,",
0.128576066,0.588989295,,,,,"0.128576066,0.588989295,0,",
0.133768192,0.588980797,,,,,"0.133768192,0.588980797,0,",
0.14000894,0.584060599,,,,,"0.14000894,0.584060599,0,",
0.145204464,0.582415435,,,,,"0.145204464,0.582415435,0,",
0.151445212,0.577495237,,,,,"0.151445212,0.577495237,0,",
0.156644136,0.574213406,,,,,"0.156644136,0.574213406,0,",
0.163916511,0.572564842,,,,,"0.163916511,0.572564842,0,",
0.170150461,0.570917978,,,,,"0.170150461,0.570917978,0,",
0.175352784,0.56599948,,,,,"0.175352784,0.56599948,0,",
0.181579936,0.567625949,,,,,"0.181579936,0.567625949,0,",
0.189870341,0.575795687,,,,,"0.189870341,0.575795687,0,",
0.194013845,0.580698889,,,,,"0.194013845,0.580698889,0,",
0.19920597,0.580690391,,,,,"0.19920597,0.580690391,0,",
0.204387899,0.585591894,,,,,"0.204387899,0.585591894,0,",
0.210611651,0.58885503,,,,,"0.210611651,0.58885503,0,",
0.21787043,0.593753134,,,,,,
0.22304556,0.60192797,,,,,,
0.230290742,0.61337274,,,,,,
0.23755292,0.616634177,,,,,,
0.245839926,0.626440581,,,,,,
0.249973232,0.636253784,,,,,,
0.255151761,0.642791953,,,,,,
0.260330291,0.649330122,,,,,,
0.266550644,0.654229925,,,,,,
0.27483765,0.66403633,,,,,,
0.280019579,0.668937832,,,,,,
0.285201507,0.673839335,,,,,,
0.288306585,0.678744236,,,,,,
0.293485114,0.685282406,,,,,,
0.297625219,0.691822275,,,,,,
0.303845572,0.696722078,,,,,,
0.310065926,0.701621881,,,,,,
0.31420603,0.70816175,,,,,,
0.321468207,0.711423186,,,,,,
0.327685162,0.717959656,,,,,,
0.333895318,0.727769459,,,,,,
0.336996997,0.734311028,,,,,,
0.341130303,0.74412423,,,,,,
0.343193557,0.750667498,,,,,,
0.345253411,0.758847433,,,,,,
0.345243214,0.763757433,,,,,,
0.345229618,0.770304101,,,,,,
0.344177596,0.776852467,,,,,,
0.344160601,0.785035801,,,,,,
0.343101781,0.794857501,,,,,,
0.336867831,0.796504365,,,,,,
0.334780784,0.801417765,,,,,,
0.332690337,0.807967831,,,,,,
0.331634916,0.816152864,,,,,,
0.332659745,0.822697832,,,,,,
0.334716201,0.832514433,,,,,,
0.338856305,0.839054302,,,,,,
0.344041632,0.842319138,,,,,,
0.343003207,0.842320838,,,,,,
0.343003207,0.842320838,,,,,,
0.347143311,0.848860707,,,,,,
0.351290213,0.852127242,,,,,,
0.355443914,0.852120444,,,,,,
0.360632641,0.853748613,,,,,,
0.363744517,0.855380181,,,,,,
0.368929844,0.858645017,,,,,,
0.375153597,0.861908153,,,,,,
0.378255276,0.868449721,,,,,,
0.384479028,0.871712858,,,,,,
0.392779631,0.874972595,,,,,,
0.395894907,0.874967496,,,,,,
0.395884709,0.879877496,,,,,,
0.397951362,0.884784098,,,,,,
0.401059839,0.888052333,,,,,,
0.405206742,0.891318868,,,,,,
0.410385271,0.897857037,,,,,,
0.413493748,0.901125272,,,,,,
0.416598826,0.906030174,,,,,,
0.421784154,0.90929501,,,,,,
0.425934455,0.910924878,,,,,,
0.429042932,0.914193113,,,,,,
0.433193234,0.915822982,,,,,,
0.437340136,0.919089517,,,,,,
0.441487038,0.922356052,,,,,,
0.442515266,0.927264353,,,,,,
0.449777444,0.93052579,,,,,,
0.457039622,0.933787227,,,,,,
0.464301799,0.937048663,,,,,,
0.469497324,0.935403499,,,,,,
0.475731274,0.933756635,,,,,,
0.480930198,0.930474803,,,,,,
0.488205972,0.927189573,,"0.488205972,0.927189573,0,",,,,
0.494429724,0.930452709,,"0.494429724,0.930452709,0,",,,,
0.503782349,0.92716408,,"0.503782349,0.92716408,0,",,,,
0.510023097,0.922243882,,"0.510023097,0.922243882,0,",,,,
0.517298871,0.918958652,,"0.517298871,0.918958652,0,",,,,
0.523529422,0.918948454,,"0.523529422,0.918948454,0,",,,,
0.52977017,0.914028257,,"0.52977017,0.914028257,0,",,,,
0.533930669,0.910748125,,,,,,
0.541206443,0.907462895,,,,,,
0.54537034,0.902546096,,,,,,
0.551600891,0.902535899,,,,,,
0.557848438,0.894342368,,,,,,
0.564089186,0.88942217,,,,,,
0.571361561,0.887773606,,,,,,
0.576567283,0.881218441,,,,,,
0.581779803,0.871389943,,,,,,
0.588017152,0.868106412,,,,,,
0.594261299,0.861549548,,,,,,
0.601540472,0.856627651,,,,,,
0.607777821,0.85334412,,,,,,
0.612983543,0.846788955,,,,,,
0.61922769,0.840232091,,,,,,
0.624430013,0.835313592,,,,,,
0.630667362,0.832030062,,,,,,
0.633792835,0.827114963,,,,,,
0.635886681,0.81892823,,,,,,
0.642127429,0.814008032,,,,,,
0.642141025,0.807461365,,,,,,
0.643196446,0.799276332,,,,,,
0.643206643,0.794366331,,,,,,
0.645300489,0.786179598,,,,,,
0.646359309,0.776357898,,,,,,
0.646376304,0.768174564,,,,,,
0.6463933,0.75999123,,,,,,
0.648493944,0.748531164,,,,,,
0.646437488,0.738714562,,,,,,
0.651639811,0.733796064,,,,,,
0.658915585,0.730510834,,,,,,
0.665152934,0.727227303,,,,,,
0.671383485,0.727217106,,,,,,
0.675547383,0.722300307,,,,,,
0.681781332,0.720653443,,,,,,
0.685941831,0.717373311,,,,,,
0.69010233,0.71409318,,,,,,
0.697378104,0.710807949,,,,,,
0.70464708,0.710796052,,,,,,
0.706730728,0.70751932,,,,,,
0.710894626,0.702602521,,,,,,
0.714023498,0.696050755,,,,,,
0.720264246,0.691130558,,,,,,
0.723393118,0.684578792,,,,,,
0.727553617,0.68129866,,,,,,
0.73275594,0.676380162,,,,,,
0.734849785,0.668193429,,,,,,
0.741090533,0.663273232,,,,,,
0.74525783,0.656719766,,,,,,
0.7483935,0.646894667,,,,,,
0.751525771,0.638706234,,,,,,
0.756731493,0.63215107,,,,,,
0.760902189,0.623960938,,,,,,
0.766107911,0.617405773,,,,,,
0.770278607,0.609215641,,,,,,
0.773410878,0.601027208,,,,,,
0.777584973,0.591200409,,,,,,
0.779685617,0.579740343,,,,,,
0.783849515,0.574823544,,,,,,
0.788010014,0.571543412,,,,,,
0.788020211,0.566633412,,,,,,
0.788033807,0.560086745,,,,,,
0.792204503,0.551896613,,,,,,
0.792211302,0.548623279,,,,,,
0.795346972,0.53879818,,,,,,
0.795370765,0.527341513,,,,,,
0.798496238,0.522426414,,,,,,
0.800583286,0.517513014,,,,,,
0.803715556,0.509324582,,,,,,
0.805799205,0.506047849,,,,,,
0.806851226,0.499499482,,,,,,
0.806871621,0.489679482,,,,,,
0.807923643,0.483131115,,,,,,
0.808975664,0.476582749,,,,,,
0.81106951,0.468396016,,,,,,
0.81004808,0.460214381,,,,,,
0.813176952,0.453662616,,,,,,
0.810071874,0.448757714,,,,,,
0.811127295,0.44057268,,,,,,
0.813224539,0.430749281,,,,,,
0.813241535,0.422565947,,"0.813241535,0.422565947,0,",,,,
0.81118168,0.414386012,,"0.81118168,0.414386012,0,",,,,
0.811195277,0.407839345,,"0.811195277,0.407839345,0,",,,,
0.808090199,0.402934443,,"0.808090199,0.402934443,0,",,,,
0.808110593,0.393114443,,"0.808110593,0.393114443,0,",,,,
0.809166014,0.384929409,,"0.809166014,0.384929409,0,",,,,
0.809183009,0.376746075,,"0.809183009,0.376746075,0,",,,,
0.80608133,0.370204507,,"0.80608133,0.370204507,0,",,,,
0.807143549,0.35874614,,"0.807143549,0.35874614,0,",,,,
0.809244193,0.347286073,,"0.809244193,0.347286073,0,",,,,
0.806139115,0.342381172,,"0.806139115,0.342381172,0,",,,,
0.805124484,0.330926204,,"0.805124484,0.330926204,0,",,,,
0.806183303,0.321104504,,"0.806183303,0.321104504,0,",,,,
0.807242123,0.311282803,,"0.807242123,0.311282803,0,",,,,
0.806227492,0.299827836,,"0.806227492,0.299827836,0,",,,,
0.809363162,0.290002736,,"0.809363162,0.290002736,0,",,,,
0.810421981,0.280181036,,"0.810421981,0.280181036,0,",,,,
0.812515827,0.271994303,,"0.812515827,0.271994303,0,",,,,
0.817724948,0.263802471,,"0.817724948,0.263802471,0,",,,,
0.821902442,0.252339006,,"0.821902442,0.252339006,0,",,,,
0.825041512,0.24087724,,"0.825041512,0.24087724,0,",,,,
0.828173782,0.232688807,,,,,,
0.831306053,0.224500375,,,,,,
0.834445122,0.213038609,,,,,,
0.83860902,0.20812181,,,,,,
0.842772918,0.203205012,,,,,,
0.846947013,0.193378213,,,,,,
0.852139139,0.193369715,,,,,,
0.856313234,0.183542916,,,,,,
0.85840708,0.175356183,,,,,,
0.860500925,0.16716945,,"0.860500925,0.16716945,0,",,,,
0.863633196,0.158981018,,"0.863633196,0.158981018,0,",,,,
0.864692016,0.149159318,,"0.864692016,0.149159318,0,",,,,
0.863670586,0.140977683,,"0.863670586,0.140977683,0,",,,,
0.860534916,0.150802783,,"0.860534916,0.150802783,0,",,,,
0.859506689,0.145894482,,"0.859506689,0.145894482,0,",,,,
0.858478461,0.140986181,,"0.858478461,0.140986181,0,",,,,
0.856418606,0.132806246,,"0.856418606,0.132806246,0,",,,,
0.854355352,0.126262978,,"0.854355352,0.126262978,0,",,,,
0.852288699,0.121356377,,"0.852288699,0.121356377,0,",,,,
0.849180222,0.118088142,,"0.849180222,0.118088142,0,",,,,
0.848151994,0.113179841,,"0.848151994,0.113179841,0,",,,,
0.846095539,0.10336324,,"0.846095539,0.10336324,0,",,,,
0.84299046,0.098458338,,"0.84299046,0.098458338,0,",,,,
0.839885382,0.093553436,,"0.839885382,0.093553436,0,",,,,
0.838857155,0.088645136,,"0.838857155,0.088645136,0,",,,,
0.835755476,0.082103567,,"0.835755476,0.082103567,0,",,,,
0.832653797,0.075561999,,"0.832653797,0.075561999,0,",,,,
0.829545319,0.072293764,,"0.829545319,0.072293764,0,",,,,
0.826436842,0.069025529,,"0.826436842,0.069025529,0,",,,,
0.82228994,0.065758994,,"0.82228994,0.065758994,0,",,,,
0.818143038,0.062492458,,"0.818143038,0.062492458,0,",,,,
0.816066187,0.062495857,,"0.816066187,0.062495857,0,",,,,
0.812950912,0.062500956,,"0.812950912,0.062500956,0,",,,,
0.807772383,0.055962787,,"0.807772383,0.055962787,0,",,,,
0.804663905,0.052694552,,"0.804663905,0.052694552,0,",,,,
0.801555428,0.049426317,,"0.801555428,0.049426317,0,",,,,
0.797408526,0.046159782,,"0.797408526,0.046159782,0,",,,,
0.793261624,0.042893246,,"0.793261624,0.042893246,0,",,,,
0.789107923,0.042900044,,"0.789107923,0.042900044,0,",,,,
0.784947424,0.046180176,,"0.784947424,0.046180176,0,",,,,
0.780793724,0.046186974,,"0.780793724,0.046186974,0,",,,,
0.776629826,0.051103773,,"0.776629826,0.051103773,0,",,,,
0.769350653,0.05602567,,"0.769350653,0.05602567,0,",,,,
0.766228579,0.059304102,,"0.766228579,0.059304102,0,",,,,
0.764134734,0.067490835,,"0.764134734,0.067490835,0,",,,,
0.770351688,0.074027305,,"0.770351688,0.074027305,0,",,,,
0.772411543,0.08220724,,"0.772411543,0.08220724,0,",,,,
0.773436371,0.088752207,,"0.773436371,0.088752207,0,",,,,
0.776544849,0.092020442,,"0.776544849,0.092020442,0,",,,,
0.780681554,0.100196978,,"0.780681554,0.100196978,0,",,,,
0.780664558,0.108380312,,"0.780664558,0.108380312,0,",,,,
0.781685988,0.116561946,,"0.781685988,0.116561946,0,",,,,
0.780623769,0.128020313,,"0.780623769,0.128020313,0,",,,,
0.776456472,0.134573778,,"0.776456472,0.134573778,0,",,,,
0.774366025,0.141123845,,"0.774366025,0.141123845,0,",,,,
0.770205527,0.144403976,,"0.770205527,0.144403976,0,",,,,
0.766041629,0.149320775,,"0.766041629,0.149320775,0,",,,,
0.76188113,0.152600907,,"0.76188113,0.152600907,0,",,,,
0.757720631,0.155881038,,"0.757720631,0.155881038,0,",,,,
0.751476484,0.162437903,,"0.751476484,0.162437903,0,",,,,
0.747319385,0.164081368,,"0.747319385,0.164081368,0,",,,,
0.741068439,0.173911566,,"0.741068439,0.173911566,0,",,,,
0.737939567,0.180463331,,"0.737939567,0.180463331,0,",,,,
0.732733845,0.187018496,,"0.732733845,0.187018496,0,",,,,
0.727528123,0.193573661,,"0.727528123,0.193573661,0,",,,,
0.723360826,0.200127126,,"0.723360826,0.200127126,0,",,,,
0.720235354,0.205042225,,"0.720235354,0.205042225,0,",,,,
0.716064658,0.213232357,,"0.716064658,0.213232357,0,",,,,
0.712945983,0.214874123,,"0.712945983,0.214874123,0,",,,,
0.708782085,0.219790921,,"0.708782085,0.219790921,0,",,,,
0.701502912,0.224712819,,"0.701502912,0.224712819,0,",,,,
0.696320984,0.219811316,,"0.696320984,0.219811316,0,",,,,
0.699460053,0.20834955,,"0.699460053,0.20834955,0,",,,,
0.699477048,0.200166216,,"0.699477048,0.200166216,0,",,,,
0.700532469,0.191981183,,"0.700532469,0.191981183,0,",,,,
0.70158789,0.183796149,,"0.70158789,0.183796149,0,",,,,
0.701604885,0.175612815,,"0.701604885,0.175612815,0,",,,,
0.700586855,0.165794514,,"0.700586855,0.165794514,0,",,,,
0.70060385,0.15761118,,"0.70060385,0.15761118,0,",,,,
0.697498772,0.152706279,,"0.697498772,0.152706279,0,",,,,
0.693362067,0.144529743,,"0.693362067,0.144529743,0,",,,,
0.692344037,0.134711442,,"0.692344037,0.134711442,0,",,,,
0.692357633,0.128164775,,"0.692357633,0.128164775,0,",,,,
0.690297778,0.11998484,,"0.690297778,0.11998484,0,",,,,
0.689276349,0.111803206,,"0.689276349,0.111803206,0,",,,,
0.686178069,0.10362497,,"0.686178069,0.10362497,0,",,,,
0.684114815,0.097081702,,"0.684114815,0.097081702,0,",,,,
0.685173635,0.087260002,,"0.685173635,0.087260002,0,",,,,
0.678949882,0.083996866,,"0.678949882,0.083996866,0,",,,,
0.676886628,0.077453598,,"0.676886628,0.077453598,0,",,,,
0.675865198,0.069271964,,"0.675865198,0.069271964,0,",,,,
0.671718296,0.066005428,,"0.671718296,0.066005428,0,",,,,
0.667571394,0.062738893,,"0.667571394,0.062738893,0,",,,,
0.663424492,0.059472358,,"0.663424492,0.059472358,0,",,,,
0.656155516,0.059484255,,"0.656155516,0.059484255,0,",,,,
0.653033442,0.062762687,,"0.653033442,0.062762687,0,",,,,
0.648879742,0.062769485,,"0.648879742,0.062769485,0,",,,,
0.643687616,0.062777983,,"0.643687616,0.062777983,0,",,,,
0.639533915,0.062784781,,"0.639533915,0.062784781,0,",,,,
0.635380215,0.062791579,,"0.635380215,0.062791579,0,",,,,
0.631229913,0.06116171,,"0.631229913,0.06116171,0,",,,,
0.626020792,0.069353542,,"0.626020792,0.069353542,0,",,,,
0.622912315,0.066085307,,"0.622912315,0.066085307,0,",,,,
0.617726988,0.062820471,,"0.617726988,0.062820471,0,",,,,
0.610458012,0.062832368,,"0.610458012,0.062832368,0,",,,,
0.60630771,0.0612025,,"0.60630771,0.0612025,0,",,,,
0.602157409,0.059572631,,"0.602157409,0.059572631,0,",,,,
0.59799691,0.062852763,,"0.59799691,0.062852763,0,",,,,
0.59384321,0.062859561,,"0.59384321,0.062859561,0,",,,,
0.589689509,0.062866359,,"0.589689509,0.062866359,0,",,,,
0.585542607,0.059599824,,"0.585542607,0.059599824,0,",,,,
0.580350481,0.059608322,,"0.580350481,0.059608322,0,",,,,
0.575158356,0.059616819,,"0.575158356,0.059616819,0,",,,,
0.572046479,0.057985251,,"0.572046479,0.057985251,0,",,,,
0.566850955,0.059630416,,"0.566850955,0.059630416,0,",,,,
0.558536755,0.062917346,,"0.558536755,0.062917346,0,",,,,
0.552299406,0.066200877,,"0.552299406,0.066200877,0,",,,,
0.550212359,0.071114276,,"0.550212359,0.071114276,0,",,,,
0.552265415,0.082567544,,"0.552265415,0.082567544,0,",,,,
0.556412318,0.08583408,,"0.556412318,0.08583408,0,",,,,
0.56055922,0.089100615,,"0.56055922,0.089100615,0,",,,,
0.564709521,0.090730484,,"0.564709521,0.090730484,0,",,,,
0.5719683,0.095628587,,"0.5719683,0.095628587,0,",,,,
0.57404515,0.095625188,,"0.57404515,0.095625188,0,",,,,
0.578192053,0.098891723,,"0.578192053,0.098891723,0,",,,,
0.584415805,0.10215486,,"0.584415805,0.10215486,0,",,,,
0.593751434,0.107049564,,"0.593751434,0.107049564,0,",,,,
0.591660987,0.11359963,,"0.591660987,0.11359963,0,",,,,
0.593720842,0.121779565,,"0.593720842,0.121779565,0,",,,,
0.595780697,0.1299595,,"0.595780697,0.1299595,0,",,,,
0.597833753,0.141412768,,"0.597833753,0.141412768,0,",,,,
0.601977257,0.14631597,,"0.601977257,0.14631597,0,",,,,
0.601956862,0.156135971,,"0.601956862,0.156135971,0,",,,,
0.601929669,0.169229305,,"0.601929669,0.169229305,0,",,,,
0.603982726,0.180682573,,"0.603982726,0.180682573,0,",,,,
0.602927305,0.188867607,,"0.602927305,0.188867607,0,",,,,
0.597721583,0.195422772,,"0.597721583,0.195422772,0,",,,,
0.590439011,0.201981336,,"0.590439011,0.201981336,0,",,,,
0.583173434,0.200356566,,"0.583173434,0.200356566,0,",,,,
0.575904458,0.200368462,,"0.575904458,0.200368462,0,",,,,
0.569673907,0.20037866,,"0.569673907,0.20037866,0,",,,,
0.564481782,0.200387158,,"0.564481782,0.200387158,0,",,,,
0.563460352,0.192205523,,"0.563460352,0.192205523,0,",,,,
0.562435523,0.185660556,,"0.562435523,0.185660556,0,",,,,
0.56036887,0.180753954,,"0.56036887,0.180753954,0,",,,,
0.558315814,0.169300686,,"0.558315814,0.169300686,0,",,,,
0.556249161,0.164394085,,"0.556249161,0.164394085,0,",,,,
0.555227731,0.156212451,,"0.555227731,0.156212451,0,",,,,
0.554206302,0.148030816,,"0.554206302,0.148030816,0,",,,,
0.549031171,0.13985598,,"0.549031171,0.13985598,0,",,,,
0.548013141,0.130037679,,"0.548013141,0.130037679,0,",,,,
0.546991711,0.121856045,,"0.546991711,0.121856045,0,",,,,
0.544928457,0.115312777,,"0.544928457,0.115312777,0,",,,,
0.541823379,0.110407875,,"0.541823379,0.110407875,0,",,,,
0.539763525,0.10222794,,"0.539763525,0.10222794,0,",,,,
0.53562682,0.094051405,,"0.53562682,0.094051405,0,",,,,
0.532521741,0.089146503,,"0.532521741,0.089146503,0,",,,,
0.534615587,0.08095977,,"0.534615587,0.08095977,0,",,,,
0.531503711,0.079328202,,"0.531503711,0.079328202,0,",,,,
0.527356809,0.076061666,,"0.527356809,0.076061666,0,",,,,
0.523209906,0.072795131,,"0.523209906,0.072795131,0,",,,,
0.521143253,0.06788853,,"0.521143253,0.06788853,0,",,,,
0.519073201,0.064618595,,"0.519073201,0.064618595,0,",,,,
0.512852848,0.059718792,,"0.512852848,0.059718792,0,",,,,
0.510792993,0.051538858,,"0.510792993,0.051538858,0,",,,,
0.506656288,0.043362322,,"0.506656288,0.043362322,0,",,,,
0.502516184,0.036822453,,"0.502516184,0.036822453,0,",,,,
0.498369282,0.033555918,,"0.498369282,0.033555918,0,",,,,
0.497324058,0.036830951,,"0.497324058,0.036830951,0,",,,,
0.494208783,0.036836049,,"0.494208783,0.036836049,0,",,,,
0.491093508,0.036841148,,"0.491093508,0.036841148,0,",,,,
0.487981631,0.03520958,,"0.487981631,0.03520958,0,",,,,
0.484866356,0.035214679,,"0.484866356,0.035214679,0,",,,,
0.482796304,0.031944744,,"0.482796304,0.031944744,0,",,,,
0.47759738,0.035226576,,"0.47759738,0.035226576,0,",,,,
0.472405254,0.035235073,,"0.472405254,0.035235073,0,",,,,
0.469289979,0.035240172,,"0.469289979,0.035240172,0,",,,,
0.465146476,0.03033697,,"0.465146476,0.03033697,0,",,,,
0.459950951,0.031982134,,"0.459950951,0.031982134,0,",,,,
0.458902329,0.036893834,,"0.458902329,0.036893834,0,",,,,
0.455787053,0.036898933,,"0.455787053,0.036898933,0,",,,,
0.450594928,0.036907431,,"0.450594928,0.036907431,0,",,,,
0.443329351,0.035282661,,"0.443329351,0.035282661,0,",,,,
0.436053577,0.038567891,,"0.436053577,0.038567891,0,",,,,
0.431896477,0.040211356,,"0.431896477,0.040211356,0,",,,,
0.423582278,0.043498286,,"0.423582278,0.043498286,0,",,,,
0.415278276,0.041875216,,"0.415278276,0.041875216,0,",,,,
0.407982107,0.054980447,,"0.407982107,0.054980447,0,",,,,
0.407965112,0.063163781,,"0.407965112,0.063163781,0,",,,,
0.41107019,0.068068682,,"0.41107019,0.068068682,0,",,,,
0.417297341,0.069695152,,"0.417297341,0.069695152,0,",,,,
0.423517695,0.074594955,,"0.423517695,0.074594955,0,",,,,
0.429738048,0.079494758,,"0.429738048,0.079494758,0,",,,,
0.435968599,0.07948456,,"0.435968599,0.07948456,0,",,,,
0.442188953,0.084384363,,"0.442188953,0.084384363,0,",,,,
0.447367482,0.090922533,,"0.447367482,0.090922533,0,",,,,
0.45047256,0.095827434,,"0.45047256,0.095827434,0,",,,,
0.453577638,0.100732336,,"0.453577638,0.100732336,0,",,,,
0.458759566,0.105633839,,"0.458759566,0.105633839,0,",,,,
0.460819421,0.113813773,,"0.460819421,0.113813773,0,",,,,
0.463914302,0.123628675,,"0.463914302,0.123628675,0,",,,,
0.464932332,0.133446977,,"0.464932332,0.133446977,0,",,,,
0.464918736,0.139993644,,"0.464918736,0.139993644,0,",,,,
0.463863315,0.148178677,,"0.463863315,0.148178677,0,",,,,
0.46384632,0.156362011,,"0.46384632,0.156362011,0,",,,,
0.461745676,0.167822077,,"0.461745676,0.167822077,0,",,,,
0.46172868,0.176005411,,"0.46172868,0.176005411,0,",,,,
0.459634835,0.184192144,,"0.459634835,0.184192144,0,",,,,
0.456502564,0.192380577,,"0.456502564,0.192380577,0,",,,,
0.456485568,0.200563911,,"0.456485568,0.200563911,0,",,,,
0.45541995,0.213658944,,"0.45541995,0.213658944,0,",,,,
0.45228428,0.223484044,,"0.45228428,0.223484044,0,",,,,
0.448123782,0.226764176,,"0.448123782,0.226764176,0,",,,,
0.443970081,0.226770974,,"0.443970081,0.226770974,0,",,,,
0.436690908,0.231692871,,"0.436690908,0.231692871,0,",,,,
0.429415134,0.234978101,,"0.429415134,0.234978101,0,",,,,
0.425258034,0.236621566,,"0.425258034,0.236621566,0,",,,,
0.42005911,0.239903398,,"0.42005911,0.239903398,0,",,,,
0.413835358,0.236640261,,"0.413835358,0.236640261,0,",,,,
0.407601408,0.238287125,,"0.407601408,0.238287125,0,",,,,
0.402405883,0.23993229,,"0.402405883,0.23993229,0,",,,,
0.398252183,0.239939088,,"0.398252183,0.239939088,0,",,,,
0.394098482,0.239945886,,"0.394098482,0.239945886,0,",,,,
0.389937983,0.243226018,,"0.389937983,0.243226018,0,",,,,
0.383700634,0.246509549,,"0.383700634,0.246509549,0,",,,,
0.37748368,0.239973079,,"0.37748368,0.239973079,0,",,,,
0.373357172,0.226886543,,"0.373357172,0.226886543,0,",,,,
0.371307515,0.213796608,,"0.371307515,0.213796608,0,",,,,
0.367164012,0.208893406,,"0.367164012,0.208893406,0,",,,,
0.364058934,0.203988504,,"0.364058934,0.203988504,0,",,,,
0.359918829,0.197448635,,"0.359918829,0.197448635,0,",,,,
0.355778725,0.190908766,,"0.355778725,0.190908766,0,",,,,
0.353725669,0.179455498,,"0.353725669,0.179455498,0,",,,,
0.348557337,0.168007328,,"0.348557337,0.168007328,0,",,,,
0.345465855,0.15655576,,"0.345465855,0.15655576,0,",,,,
0.342360777,0.151650858,,"0.342360777,0.151650858,0,",,,,
0.337182248,0.145112689,,"0.337182248,0.145112689,0,",,,,
0.336150621,0.141841055,,"0.336150621,0.141841055,0,",,,,
0.33305574,0.132026153,,"0.33305574,0.132026153,0,",,,,
0.329960859,0.122211251,,"0.329960859,0.122211251,0,",,,,
0.323743905,0.115674781,,"0.323743905,0.115674781,0,",,,,
0.3196072,0.107498245,,"0.3196072,0.107498245,0,",,,,
0.315460298,0.10423171,,"0.315460298,0.10423171,0,",,,,
0.311323593,0.096055174,,"0.311323593,0.096055174,0,",,,,
0.307186888,0.087878639,,"0.307186888,0.087878639,0,",,,,
0.305120235,0.082972037,,"0.305120235,0.082972037,0,",,,,
0.303050183,0.079702103,,"0.303050183,0.079702103,0,",,,,
0.296829829,0.0748023,,"0.296829829,0.0748023,0,",,,,
0.293724751,0.069897398,,"0.293724751,0.069897398,0,",,,,
0.290623072,0.06335583,,"0.290623072,0.06335583,0,",,,,
0.286472771,0.061725961,,"0.286472771,0.061725961,0,",,,,
0.280252417,0.056826158,,"0.280252417,0.056826158,0,",,,,
0.274035463,0.050289688,,"0.274035463,0.050289688,0,",,,,
0.268853534,0.045388186,,"0.268853534,0.045388186,0,",,,,
0.262629782,0.042125049,,"0.262629782,0.042125049,0,",,,,
0.260549533,0.043765115,,"0.260549533,0.043765115,0,",,,,
0.253277158,0.045413679,,"0.253277158,0.045413679,0,",,,,
0.248078234,0.04869551,,"0.248078234,0.04869551,0,",,,,
0.242886108,0.048704008,,"0.242886108,0.048704008,0,",,,,
0.236658956,0.047077539,,"0.236658956,0.047077539,0,",,,,
0.230435204,0.043814402,,"0.230435204,0.043814402,0,",,,,
0.222121005,0.047101332,,"0.222121005,0.047101332,0,",,,,
0.215887055,0.048748196,,"0.215887055,0.048748196,0,",,,,
0.20861468,0.05039676,,"0.20861468,0.05039676,0,",,,,
0.203429352,0.047131924,,"0.203429352,0.047131924,0,",,,,
0.1972056,0.043868788,,"0.1972056,0.043868788,0,",,,,
0.189929826,0.047154018,,"0.189929826,0.047154018,0,",,,,
0.181619025,0.048804282,,"0.181619025,0.048804282,0,",,,,
0.173304826,0.052091211,,"0.173304826,0.052091211,0,",,,,
0.167077675,0.050464742,,"0.167077675,0.050464742,0,",,,,
0.160857321,0.045564939,,"0.160857321,0.045564939,0,",,,,
0.153567951,0.055396836,,"0.153567951,0.055396836,0,",,,,
0.150449276,0.057038602,,"0.150449276,0.057038602,0,",,,,
0.146268383,0.070138734,,"0.146268383,0.070138734,0,",,,,
0.148331637,0.076682002,,"0.148331637,0.076682002,0,",,,,
0.151433316,0.083223571,,"0.151433316,0.083223571,0,",,,,
0.157674064,0.078303373,,"0.157674064,0.078303373,0,",,,,
0.163901215,0.079929843,,"0.163901215,0.079929843,0,",,,,
0.171163393,0.083191279,,"0.171163393,0.083191279,0,",,,,
0.181547644,0.083174284,,"0.181547644,0.083174284,0,",,,,
0.184649323,0.089715852,,"0.184649323,0.089715852,0,",,,,
0.190873076,0.092978988,,"0.190873076,0.092978988,0,",,,,
0.198128455,0.099513759,,"0.198128455,0.099513759,0,",,,,
0.20226856,0.106053628,,"0.20226856,0.106053628,0,",,,,
0.206405265,0.114230163,,"0.206405265,0.114230163,0,",,,,
0.210545369,0.120770032,,"0.210545369,0.120770032,0,",,,,
0.213643649,0.128948267,,"0.213643649,0.128948267,0,",,,,
0.217783753,0.135488136,,"0.217783753,0.135488136,0,",,,,
0.224004106,0.140387939,,"0.224004106,0.140387939,0,",,,,
0.23022446,0.145287742,,"0.23022446,0.145287742,0,",,,,
0.228134013,0.151837809,,"0.228134013,0.151837809,0,",,,,
0.230200666,0.15674441,,"0.230200666,0.15674441,0,",,,,
0.235382594,0.161645912,,"0.235382594,0.161645912,0,",,,,
0.237449247,0.166552514,,"0.237449247,0.166552514,0,",,,,
0.240550926,0.173094082,,"0.240550926,0.173094082,0,",,,,
0.24469103,0.179633951,,"0.24469103,0.179633951,0,",,,,
0.250877393,0.200900422,,"0.250877393,0.200900422,0,",,,,
0.25708415,0.212346892,,"0.25708415,0.212346892,0,",,,,
0.261214057,0.223796761,,"0.261214057,0.223796761,0,",,,,
0.264308937,0.233611663,,"0.264308937,0.233611663,0,",,,,
0.263253517,0.241796696,,"0.263253517,0.241796696,0,",,,,
0.265309972,0.251613298,,"0.265309972,0.251613298,0,",,,,
0.269433081,0.266336501,,"0.269433081,0.266336501,0,",,,,
0.277726886,0.272869571,,"0.277726886,0.272869571,0,",,,,
0.28394384,0.279406041,,"0.28394384,0.279406041,0,",,,,
0.293279469,0.284300746,,"0.293279469,0.284300746,0,",,,,
0.301576673,0.28919715,,"0.301576673,0.28919715,0,",,,,
0.308828653,0.297368587,,"0.308828653,0.297368587,0,",,,,
0.315049007,0.30226839,,"0.315049007,0.30226839,0,",,,,
0.320230935,0.307169892,,"0.320230935,0.307169892,0,",,,,
0.324374438,0.312073094,,"0.324374438,0.312073094,0,",,,,
0.329556366,0.316974597,,"0.329556366,0.316974597,0,",,,,
0.334738295,0.321876099,,"0.334738295,0.321876099,0,",,,,
0.339916824,0.328414269,,"0.339916824,0.328414269,0,",,,,
0.346140577,0.331677405,,"0.346140577,0.331677405,0,",,,,
0.34820723,0.336584006,,"0.34820723,0.336584006,0,",,,,
0.352343935,0.344760542,,"0.352343935,0.344760542,0,",,,,
0.359606112,0.348021979,,"0.359606112,0.348021979,0,",,,,
0.363742817,0.356198514,,"0.363742817,0.356198514,0,",,,,
0.365802672,0.364378449,,"0.365802672,0.364378449,0,",,,,
0.369942776,0.370918318,,"0.369942776,0.370918318,0,",,,,
0.37408288,0.377458187,,"0.37408288,0.377458187,0,",,,,
0.377174362,0.388909756,,"0.377174362,0.388909756,0,",,,,
0.378182195,0.403638057,,"0.378182195,0.403638057,0,",,,,
0.38024205,0.411817992,,"0.38024205,0.411817992,0,",,,,
0.38126348,0.419999626,,"0.38126348,0.419999626,0,",,,,
0.383330133,0.424906227,,"0.383330133,0.424906227,0,",,,,
0.386431811,0.431447796,,"0.386431811,0.431447796,0,",,,,
0.391610341,0.437985965,,"0.391610341,0.437985965,0,",,,,
0.396775274,0.451070802,,"0.396775274,0.451070802,0,",,,,
0.399866755,0.46252237,,"0.399866755,0.46252237,0,",,,,
0.402961636,0.472337272,,"0.402961636,0.472337272,0,",,,,
0.409161595,0.487057076,,"0.409161595,0.487057076,0,",,,,
0.41639658,0.503411847,,"0.41639658,0.503411847,0,",,,,
0.418449636,0.514865115,,"0.418449636,0.514865115,0,",,,,
0.422586341,0.523041651,,"0.422586341,0.523041651,0,",,,,
0.425684621,0.531219886,,"0.425684621,0.531219886,0,",,,,
0.427747875,0.537763154,,"0.427747875,0.537763154,0,",,,,
0.432919606,0.547574657,,"0.432919606,0.547574657,0,",,,,
0.434969264,0.560664592,,"0.434969264,0.560664592,0,",,,,
0.43910257,0.570477795,,"0.43910257,0.570477795,0,",,,,
0.442194051,0.581929363,,"0.442194051,0.581929363,0,",,,,
0.444250507,0.591745965,,"0.444250507,0.591745965,0,",,,,
0.447341989,0.603197534,,"0.447341989,0.603197534,0,",,,,
0.447314796,0.616290868,,"0.447314796,0.616290868,0,",,,,
0.447294401,0.626110868,,"0.447294401,0.626110868,0,",,,,
0.448312432,0.63592917,,"0.448312432,0.63592917,0,",,,,
0.450375686,0.642472438,,"0.450375686,0.642472438,0,",,,,
0.451393716,0.652290739,,"0.451393716,0.652290739,0,",,,,
0.453439974,0.667017341,,"0.453439974,0.667017341,0,",,,,
0.452374357,0.680112374,,"0.452374357,0.680112374,0,",,,,
0.447158437,0.691577539,,,,,,
0.440938084,0.686677736,,,,,,
0.43471773,0.681777933,,,,,,
0.426417127,0.678518196,,,,,,
0.420186577,0.678528394,,,,,,
0.413956026,0.678538591,,,,,,
0.40668705,0.678550488,,,,,,
0.397327627,0.685112451,,,,,,
0.393173927,0.685119249,,,,,,
0.386936578,0.68840278,,,,,,
0.379660804,0.69168801,,,,,,
0.372378231,0.698246574,,,,,,
0.368207535,0.706436706,,,,,,
0.361966787,0.711356904,,,,,,
0.355719241,0.719550435,,,,,,
0.349471695,0.727743966,,,,,,
0.312598255,0.482305134,,,,,,
0.320919253,0.47574487,,,,,,
0.327176996,0.462641339,,,,,,
0.333448336,0.44299114,,,,,,
0.338694847,0.416795974,,,,,,
0.340805689,0.400425907,,,,,,
0.340836281,0.385695906,,,,,,
0.339831847,0.369330938,,,,,,
0.336747163,0.354606036,,,,,,
0.331589028,0.338247866,,,,,,
0.327459122,0.326797997,,,,,,
0.236687849,0.533165871,,,,,,
0.248120722,0.528237176,,,,,,
0.25851857,0.521673513,,,,,,
0.26890962,0.518383184,,,,,,
0.277237415,0.508549587,,,,,,
0.292847783,0.492157426,,,,,,
0.300140553,0.480688862,,,,,,
0.242870812,0.556069009,,,,,,
0.247000719,0.567518878,,,,,,
0.253210875,0.577328681,,,,,,
0.260462855,0.585500118,,,,,,
0.268766857,0.587123188,,,,,,
0.276035833,0.587111292,,,,,,
0.28227998,0.580554427,,,,,,
0.290600978,0.573994164,,,,,,
0.296851923,0.564163966,,,,,,
0.301029418,0.5527005,,,,,,
0.306255534,0.536325335,,,,,,
0.308352779,0.526501935,,,,,,
0.31046362,0.510131868,,,,,,
0.310487414,0.498675201,,,,,,
0.307392533,0.488860299,,,,,,
0.215180042,0.389174885,,,,,,
0.224536065,0.384249589,,,,,,
0.230766616,0.384239392,,,,,,
0.239087614,0.377679128,,,,,,
0.244293336,0.371123963,,,,,,
0.247432405,0.359662197,,,,,,
0.243302498,0.348212328,,,,,,
0.237095741,0.336765858,,,,,,
0.23192401,0.326954355,,,,,,
0.223620008,0.325331285,,,,,,
0.218424483,0.326976449,,,,,,
0.212183735,0.331896647,,,,,,
0.206981412,0.336815145,,,,,,
0.198643419,0.351558742,,,,,,
0.200693077,0.364648677,,,,,,
0.200665884,0.377742012,,,,,,
0.205824018,0.394100182,,,,,,
0.158199225,0.325438356,,,,,,
0.157174396,0.318893389,,,,,,
0.156149567,0.312348421,,,,,,
0.155128138,0.304166787,,,,,,
0.155151931,0.29271012,,,,,,
0.153088677,0.286166852,,"0.153088677,0.286166852,0,",,,,
0.152063849,0.279621884,,"0.152063849,0.279621884,0,",,,,
0.173908167,0.261582859,,"0.173908167,0.261582859,0,",,,,
0.177009845,0.268124427,,"0.177009845,0.268124427,0,",,,,
0.183223401,0.276297564,,"0.183223401,0.276297564,0,",,,,
0.189440355,0.282834034,,"0.189440355,0.282834034,0,",,,,
0.190465184,0.289379001,,"0.190465184,0.289379001,0,",,,,
0.186304685,0.292659133,,"0.186304685,0.292659133,0,",,,,
0.180077533,0.291032664,,"0.180077533,0.291032664,0,",,,,
0.175927232,0.289402795,,"0.175927232,0.289402795,0,",,,,
0.171770132,0.29104626,,"0.171770132,0.29104626,0,",,,,
0.16554638,0.287783124,,"0.16554638,0.287783124,0,",,,,
0.161392679,0.287789922,,"0.161392679,0.287789922,0,",,,,
0.157242378,0.286160053,,"0.157242378,0.286160053,0,",,,,
0.143586493,0.361468819,,,,,,
0.146684773,0.369647054,,,,,,
0.148741228,0.379463656,,,,,,
0.148703838,0.39746699,,,,,,
0.157011239,0.397453394,,,,,,
0.163282579,0.377803195,,,,,,
0.165379824,0.367979796,,,,,,
0.166445442,0.354884762,,,,,,
0.164388986,0.34506816,,,,,,
0.159220654,0.333619991,,,,,,
0.154042125,0.327081821,,,,,,
0.148839802,0.33200032,,,,,,
0.145704132,0.341825419,,,,,,
0.144648711,0.350010452,,,,,,
0.205071118,0.256621872,,,,,,
0.211298269,0.258248342,,,,,,
0.218553649,0.264783112,,,,,,
0.223738976,0.268047948,,,,,,
0.38583357,0.719501148,,,,,,
0.392064121,0.719490951,,,,,,
0.397256246,0.719482453,,,,,,
0.401399749,0.724385655,,,,,,
0.404511626,0.726017223,,,,,,
0.405526257,0.737472191,,,,,,
0.407620103,0.729285458,,,,,,
0.412812229,0.72927696,,,,,,
0.415924105,0.730908529,,,,,,
0.420077805,0.73090173,,,,,,
0.423179484,0.737443299,,,,,,
0.426287962,0.740711534,,,,,,
0.425239339,0.745623234,,,,,,
0.388938648,0.72440605,,,,,,
0.401369158,0.739115656,,,,,,
0.396173633,0.740760821,,,,,,
0.393058357,0.740765919,,,,,,
0.39097131,0.745679319,,,,,,
0.390957713,0.752225986,,,,,,
0.397184865,0.753852455,,,,,,
0.403412017,0.755478925,,,,,,
0.405485468,0.757112192,,,,,,
0.409635769,0.758742061,,,,,,
0.413796268,0.755461929,,,,,,
0.412771439,0.748916962,,,,,,
0.409666361,0.74401206,,,,,,
0.380563265,0.757152982,,,,,,
0.382633317,0.760422916,,,,,,
0.38469997,0.765329517,,,,,,
0.384689773,0.770239518,,,,,,
0.386753026,0.776782786,,,,,,
0.38673943,0.783329453,,,,,,
0.387767658,0.788237753,,,,,,
0.385684009,0.791514486,,,,,,
0.382558537,0.796429585,,,,,,
0.380485086,0.794796317,,,,,,
0.376338183,0.791529782,,,,,,
0.37219468,0.78662658,,,,,,
0.370131426,0.780083312,,,,,,
0.368061374,0.776813377,,,,,,
0.36392127,0.770273509,,,,,,
0.364976691,0.762088475,,,,,,
0.367070536,0.753901742,,,,,,
0.37019261,0.75062331,,,,,,
0.377458187,0.75224808,,,,,,
0.406435517,0.799663829,,,,,,
0.407490937,0.791478796,,,,,,
0.409574586,0.788202063,,,,,,
0.412700058,0.783286964,,,,,,
0.41582893,0.776735198,,,,,,
0.421031253,0.7718167,,,,,,
0.426226778,0.770171536,,,,,,
0.43245053,0.773434672,,,,,,
0.436597433,0.776701207,,,,,,
0.438664086,0.781607808,,,,,,
0.44072394,0.789787743,,,,,,
0.437598468,0.794702842,,,,,,
0.434469596,0.801254608,,,,,,
0.432392746,0.801258007,,,,,,
0.428228848,0.806174806,,,,,,
0.424068349,0.809454937,,,,,,
0.419904451,0.814371736,,,,,,
0.416792575,0.812740168,,,,,,
0.412642274,0.811110299,,,,,,
0.412645673,0.809473632,,,,,,
0.409533796,0.807842064,,,,,,
0.408502169,0.80457043,,,,,,
0.40419211,0.8798639,,,,,,
0.409380837,0.881492069,,,,,,
0.417684839,0.883115139,,,,,,
0.422887162,0.878196641,,,,,,
0.430162936,0.874911411,,,,,,
0.438480534,0.869987814,,,,,,
0.446804931,0.861790884,,,,,,
0.455129327,0.853593954,,,,,,
0.463460522,0.84212369,,,,,,
0.470756691,0.829018459,,,,,,
0.472857335,0.817558392,,,,,,
0.481174933,0.812634796,,"0.481174933,0.812634796,0,",,,,
0.478083451,0.801183227,,"0.478083451,0.801183227,0,",,,,
0.480187494,0.788086494,,"0.480187494,0.788086494,0,",,,,
0.478148034,0.770086558,,"0.478148034,0.770086558,0,",,,,
0.472983101,0.757001722,,"0.472983101,0.757001722,0,",,,,
0.470930045,0.745548453,,"0.470930045,0.745548453,0,",,,,
0.467838563,0.734096885,,"0.467838563,0.734096885,0,",,,,
0.464747081,0.722645316,,"0.464747081,0.722645316,0,",,,,
0.460610376,0.71446878,,"0.460610376,0.71446878,0,",,,,
0.455445444,0.701383944,,"0.455445444,0.701383944,0,",,,,
0.45130194,0.696480742,,"0.45130194,0.696480742,0,",,,,
0.427020468,0.888009844,,"0.427020468,0.888009844,0,",,,,
0.434286044,0.889634614,,"0.434286044,0.889634614,0,",,,,
0.446743747,0.891250886,,"0.446743747,0.891250886,0,",,,,
0.456096371,0.887962256,,"0.456096371,0.887962256,0,",,,,
0.460277265,0.874862124,,"0.460277265,0.874862124,0,",,,,
0.467573433,0.861756893,,"0.467573433,0.861756893,0,",,,,
0.465523776,0.848666958,,"0.465523776,0.848666958,0,",,,,
0.606032383,0.193772508,,"0.606032383,0.193772508,0,",,,,
0.61745506,0.193753813,,"0.61745506,0.193753813,0,",,,,
0.627832513,0.197010151,,,,,,
0.638213365,0.198629823,,,,,,
0.646513968,0.20188956,,,,,,
0.655846198,0.208420931,,,,,,
0.664143401,0.213317335,,,,,,
0.673475631,0.219848706,,,,,,
0.672410013,0.23294374,,,,,,
0.67446307,0.244397008,,,,,,
0.673397452,0.257492042,,,,,,
0.672328435,0.272223742,,,,,,
0.672287645,0.291863744,,,,,,
0.672257054,0.306593745,,,,,,
0.67533154,0.326228647,,,,,,
0.677377798,0.340955249,,,,,,
0.683574358,0.35731172,,,,,,
0.688739291,0.370396556,,,,,,
0.695967477,0.39002466,,,,,,
0.703216059,0.399832764,,,,,,
0.709433013,0.406369234,,,,,,
0.714611542,0.412907403,,,,,,
0.720835295,0.41617054,,,,,,
0.7291291,0.42270361,,,,,,
0.737412707,0.434146681,,,,,,
0.74571331,0.437406419,,,,,,
0.752968689,0.443941189,,,,,,
0.758154017,0.447206025,,,,,,
0.768534869,0.448825696,,,,,,
0.779960944,0.447170334,,,,,,
0.792428844,0.443876606,,,,,,
0.802823293,0.43894961,,,,,,
0.809070839,0.430756079,,,,,,
0.564440992,0.220027159,,"0.564440992,0.220027159,0,",,,,
0.567525676,0.234752061,,"0.567525676,0.234752061,0,",,,,
0.567488286,0.252755396,,"0.567488286,0.252755396,0,",,,,
0.566412471,0.27076043,,"0.566412471,0.27076043,0,",,,,
0.564305028,0.28549383,,"0.564305028,0.28549383,0,",,,,
0.562194187,0.301863897,,"0.562194187,0.301863897,0,",,,,
0.562153398,0.321503898,,"0.562153398,0.321503898,0,",,,,
0.559007531,0.336238998,,"0.559007531,0.336238998,0,",,,,
0.555861663,0.350974097,,"0.555861663,0.350974097,0,",,,,
0.551677371,0.365710896,,"0.551677371,0.365710896,0,",,,,
0.54748628,0.383721029,,"0.54748628,0.383721029,0,",,,,
0.543298589,0.400094495,,"0.543298589,0.400094495,0,",,,,
0.539117696,0.413194627,,"0.539117696,0.413194627,0,",,,,
0.534933403,0.427931427,,"0.534933403,0.427931427,0,",,,,
0.53282936,0.44102816,,"0.53282936,0.44102816,0,",,,,
0.531760343,0.45575986,,"0.531760343,0.45575986,0,",,,,
0.530691326,0.470491561,,"0.530691326,0.470491561,0,",,,,
0.530664133,0.483584895,,"0.530664133,0.483584895,0,",,,,
0.531668567,0.499949863,,"0.531668567,0.499949863,0,",,,,
0.533714826,0.514676465,,"0.533714826,0.514676465,0,",,,,
0.53781754,0.539219669,,"0.53781754,0.539219669,0,",,,,
0.542982473,0.552304505,,"0.542982473,0.552304505,0,",,,,
0.547105581,0.567027708,,"0.547105581,0.567027708,0,",,,,
0.550197063,0.578479277,,"0.550197063,0.578479277,0,",,,,
0.555368794,0.588290779,,"0.555368794,0.588290779,0,",,,,
0.531946393,0.611176904,,"0.53194639292,0.61117690444,0,",,,,
0.530678569,0.626634097,,"0.530678569061539,0.626634097144615,0,",,,,
0.529410745,0.64209129,,"0.529410745203077,0.64209128984923,0,",,,,
0.528142921,0.657548483,,"0.528142921344616,0.657548482553846,0,",,,,
0.526875097,0.673005675,,"0.526875097486154,0.673005675258461,0,",,,,
0.579079218,0.671721695,,"0.579079218,0.671721695,0,",,,,
0.581128875,0.68481163,,"0.581128875,0.68481163,0,",,,,
0.589443074,0.6815247,,"0.589443074,0.6815247,0,",,,,
0.596732445,0.671692803,,"0.596732445,0.671692803,0,",,,,
0.606105464,0.658584173,,"0.606105464,0.658584173,0,",,,,
0.613391435,0.650388942,,"0.613391435,0.650388942,0,",,,,
0.619652578,0.635648744,,"0.619652578,0.635648744,0,",,,,
0.61866174,0.612737108,,"0.61866174,0.612737108,0,",,,,
0.625971505,0.59308521,,"0.625971505,0.59308521,0,",,,,
0.638446203,0.586518149,,"0.638446203,0.586518149,0,",,,,
0.64986888,0.586499454,,"0.64986888,0.586499454,0,",,,,
0.658162684,0.593032524,,"0.658162684,0.593032524,0,",,,,
0.665414665,0.601203961,,"0.665414665,0.601203961,0,",,,,
0.671624821,0.611013765,,"0.671624821,0.611013765,0,",,,,
0.677834977,0.620823568,,"0.677834977,0.620823568,0,",,,,
0.679874437,0.638823503,,"0.679874437,0.638823503,0,",,,,
0.676731969,0.651921936,,"0.676731969,0.651921936,0,",,,,
0.672547677,0.666658735,,"0.672547677,0.666658735,0,",,,,
0.67045723,0.673208802,,"0.67045723,0.673208802,0,",,,,
0.667328358,0.679760567,,"0.667328358,0.679760567,0,",,,,
0.663150864,0.691224033,,"0.663150864,0.691224033,0,",,,,
0.658980168,0.699414165,,"0.658980168,0.699414165,0,",,,,
0.654802674,0.710877631,,"0.654802674,0.710877631,0,",,,,
0.646457883,0.728894562,,"0.646457883,0.728894562,0,",,,,
0.64019674,0.74363476,,"0.64019674,0.74363476,0,",,,,
0.637064469,0.751823192,,"0.637064469,0.751823192,0,",,,,
0.633942395,0.755101625,,"0.633942395,0.755101625,0,",,,,
0.625621398,0.761661888,,"0.625621398,0.761661888,0,",,,,
0.618345624,0.764947118,,"0.618345624,0.764947118,0,",,,,
0.610028026,0.769870715,,"0.610028026,0.769870715,0,",,,,
0.6006788,0.771522678,,"0.6006788,0.771522678,0,",,,,
0.592374798,0.769899608,,"0.592374798,0.769899608,0,",,,,
0.587196269,0.763361438,,"0.587196269,0.763361438,0,",,,,
0.580989512,0.751914968,,"0.580989512,0.751914968,0,",,,,
0.576825614,0.756831767,,"0.576825614,0.756831767,0,",,,,
0.573689944,0.766656866,,"0.573689944,0.766656866,0,",,,,
0.56951245,0.778120332,,"0.56951245,0.778120332,0,",,,,
0.563271702,0.783040529,,"0.563271702,0.783040529,0,",,,,
0.558059182,0.792869028,,"0.558059182,0.792869028,0,",,,,
0.553885087,0.802695826,,"0.553885087,0.802695826,0,",,,,
0.550746018,0.814157592,,"0.550746018,0.814157592,0,",,,,
0.543460046,0.822352823,,"0.543460046,0.822352823,0,",,,,
0.540320977,0.833814589,,"0.540320977,0.833814589,0,",,,,
0.534073431,0.84200812,,"0.534073431,0.84200812,0,",,,,
0.527822485,0.851838318,,"0.527822485,0.851838318,0,",,,,
0.522620162,0.856756816,,"0.522620162,0.856756816,0,",,,,
0.525704846,0.871481719,,"0.525704846,0.871481719,0,",,,,
0.52255558,0.887853485,,"0.52255558,0.887853485,0,",,,,
0.522524988,0.902583486,,"0.522524988,0.902583486,0,",,,,
0.514200591,0.910780416,,"0.514200591,0.910780416,0,",,,,
0.467882751,0.712820216,,"0.467882751,0.712820216,0,",,,,
0.473091873,0.704628385,,"0.473091873,0.704628385,0,",,,,
0.478297595,0.69807322,,"0.478297595,0.69807322,0,",,,,
0.484534944,0.694789689,,"0.484534944,0.694789689,0,",,,,
0.492849143,0.691502759,,"0.492849143,0.691502759,0,",,,,
0.501159943,0.689852496,,"0.501159943,0.689852496,0,",,,,
0.50948094,0.683292233,,"0.50948094,0.683292233,0,",,,,
0.518847161,0.673456936,,"0.518847161,0.673456936,0,",,,,
0.524069879,0.658718437,,"0.524069879,0.658718437,0,",,,,
0.526173922,0.645621704,,"0.526173922,0.645621704,0,",,,,
0.530354815,0.632521572,,"0.530354815,0.632521572,0,",,,,
0.535584331,0.614509739,,"0.535584331,0.614509739,0,",,,,
0.539755027,0.606319607,,"0.539755027,0.606319607,0,",,,,
0.547040998,0.598124376,,"0.547040998,0.598124376,0,",,,,
0.496372123,0.801476715,,,,,,
0.50024775,0.813015225,,,,,,
0.500291934,0.824547423,,,,,,
0.500329807,0.834432164,,,,,,
0.500380304,0.847611819,,,,,,
0.500424488,0.859144017,,,,,,
0.496630919,0.869022446,,,,,,
0.495710931,0.878905609,,,,,,
0.493826771,0.887139737,,,,,,
0.489062717,0.893721674,,,,,,
0.487184869,0.90360326,,,,,,
0.484336536,0.910188353,,,,,,
0.475759976,0.921706349,,,,,,
0.473863192,0.926645563,,,,,,
0.470050686,0.931581622,,,,,,
0.466219244,0.93157531,,,,,,
0.461436254,0.933214876,,,,,,
